[{"id":"TASK-1","content":"Review Youbase skill and backend structure","status":"completed","priority":"high"},{"id":"TASK-2","content":"Create database schema for orders, devices, tracking events","status":"completed","priority":"high"},{"id":"TASK-3","content":"Build backend API endpoints","status":"completed","priority":"high"},{"id":"TASK-4","content":"Create responsive frontend pages (landing, tracking, admin)","status":"completed","priority":"high"},{"id":"TASK-5","content":"Clean up old assets and files","status":"completed","priority":"medium"},{"id":"TASK-6","content":"Test and build project","status":"completed","priority":"medium"}]